17;20;9;15;2;1;55;1
17;17;9;14;3;2;55;1
17;18;23;22;5;3;55;1
17;22;23;23;4;4;55;1
17;2;2;6;8;5;55;1
17;155;7;10;12;6;55;1
17;15;7;9;6;7;55;1
17;67;5;12;10;8;55;1
17;3;3;16;9;9;55;1
17;9;2;5;7;10;55;1
17;5;1;2;18;11;55;1
17;8;6;4;11;12;55;1
17;6;3;17;13;13;55;1
17;4;4;7;15;14;55;1
17;24;10;21;16;15;55;1
17;21;6;3;20;16;54;11
17;16;10;20;17;17;54;11
17;154;4;8;19;18;54;11
17;1;1;1;1;-1;20;23
17;153;5;11;14;-1;18;6
18;1;1;22;1;1;58;1
18;2;2;3;5;2;58;1
18;3;3;7;7;3;58;1
18;4;4;5;11;4;58;1
18;5;1;23;3;5;58;1
18;6;3;8;13;6;57;11
18;7;5;14;17;7;55;5
18;8;6;1;15;8;53;5
18;9;2;4;2;-1;47;4
18;10;7;12;18;-1;43;3
18;11;8;18;19;-1;32;7
18;12;4;6;20;-1;30;8
18;13;6;2;4;-1;29;5
18;14;9;9;8;-1;25;4
18;15;7;11;6;-1;19;10
18;16;10;20;22;-1;8;9
18;17;9;10;14;-1;0;4
18;18;11;16;12;-1;0;4
18;19;8;19;21;-1;0;4
18;20;5;15;9;-1;0;4
18;21;10;21;16;-1;0;4
18;22;11;17;10;-1;58;2
19;8;6;1;2;1;56;1
19;9;2;4;4;2;56;1
19;5;1;23;8;3;56;1
19;15;7;11;3;4;56;1
19;1;1;22;9;5;56;1
19;2;2;3;5;6;56;1
19;17;9;10;6;7;56;1
19;4;4;5;7;8;56;1
19;14;9;9;12;9;56;1
19;18;11;16;11;10;56;1
19;12;4;6;13;11;56;1
19;21;10;21;17;12;55;11
19;22;11;17;14;13;55;11
19;3;3;7;16;14;55;11
19;19;8;19;21;15;55;11
19;11;8;18;19;16;54;12
19;6;3;8;22;17;54;12
19;20;5;15;15;-1;39;5
19;13;6;2;1;-1;30;20
19;16;10;20;20;-1;5;9
19;10;7;12;10;-1;1;4
19;7;5;14;18;-1;0;20
20;13;6;2;2;1;57;1
20;8;6;1;4;2;57;1
20;9;2;4;1;3;57;1
20;2;2;3;6;4;57;1
20;5;1;23;5;5;57;1
20;15;7;11;7;6;57;1
20;17;9;10;11;7;57;1
20;3;3;7;8;8;57;1
20;10;7;12;13;9;57;1
20;4;4;5;10;10;57;1
20;22;11;17;12;11;57;1
20;21;10;21;18;12;56;11
20;1;1;22;3;13;56;11
20;6;3;8;16;14;56;11
20;7;5;14;15;15;56;11
20;19;8;19;21;16;56;11
20;11;8;18;22;17;56;11
20;14;9;9;17;18;56;11
20;16;10;20;20;19;56;12
20;12;4;6;14;-1;40;6
20;18;11;16;9;-1;19;4
20;20;5;15;19;-1;0;5
21;8;6;1;1;1;66;1
21;13;6;2;3;2;66;1
21;1;1;22;5;3;66;1
21;9;2;4;4;4;66;1
21;17;9;10;7;5;66;1
21;18;11;16;13;6;66;1
21;6;3;8;12;7;66;1
21;15;7;11;8;8;66;1
21;2;2;3;9;9;66;1
21;21;10;21;19;10;65;11
21;10;7;12;14;11;65;11
21;14;9;9;17;12;65;11
21;11;8;18;22;13;65;11
21;3;3;7;15;-1;41;5
21;4;4;5;2;-1;34;5
21;22;11;17;11;-1;34;4
21;5;1;23;6;-1;21;3
21;19;8;19;21;-1;8;21
21;7;5;14;16;-1;7;4
21;12;4;6;10;-1;6;4
21;16;10;20;20;-1;0;4
21;20;5;15;18;-1;0;4
22;13;6;2;1;1;58;1
22;1;1;22;3;2;58;1
22;8;6;1;4;3;58;1
22;9;2;4;5;4;58;1
22;2;2;3;9;5;58;1
22;4;4;5;7;6;58;1
22;17;9;10;6;7;58;1
22;3;3;7;11;8;58;1
22;14;9;9;10;9;58;1
22;15;7;11;8;10;58;1
22;18;11;16;13;11;57;11
22;5;1;23;2;12;57;11
22;10;7;12;15;13;57;11
22;22;11;17;12;14;57;11
22;12;4;6;17;15;57;11
22;16;10;20;19;16;57;11
22;20;5;15;14;17;57;11
22;7;5;14;18;-1;24;22
22;6;3;8;16;-1;1;4
22;21;10;21;20;-1;0;4
23;1;1;22;3;1;76;1
23;9;2;4;5;2;76;1
23;13;6;2;1;3;76;1
23;17;9;10;9;4;76;1
23;20;5;15;19;5;76;1
23;22;11;17;14;6;76;1
23;6;3;8;13;7;76;1
23;5;1;23;4;8;76;1
23;8;6;1;2;9;76;1
23;4;4;5;7;10;75;11
23;18;11;16;11;11;75;11
23;10;7;12;10;12;75;11
23;15;7;11;8;13;75;11
23;2;2;3;12;14;72;14
23;16;10;20;18;-1;67;4
23;3;3;7;6;-1;59;3
23;12;4;6;17;-1;47;3
23;21;10;21;20;-1;36;6
23;14;9;9;15;-1;7;3
23;7;5;14;16;-1;7;4
24;9;2;4;2;1;70;1
24;2;2;3;8;2;70;1
24;14;9;9;13;3;70;1
24;10;7;12;11;4;70;1
24;13;6;2;6;5;70;1
24;15;7;11;14;6;70;1
24;22;11;17;9;7;70;1
24;20;5;15;19;8;70;1
24;5;1;23;7;9;70;1
24;3;3;7;5;10;70;1
24;18;11;16;20;11;70;1
24;17;9;10;10;12;70;1
24;7;5;14;18;13;69;11
24;21;10;21;17;-1;51;20
24;6;3;8;12;-1;46;3
24;4;4;5;4;-1;44;20
24;12;4;6;15;-1;43;23
24;8;6;1;3;-1;19;4
24;1;1;22;1;-1;19;4
24;16;10;20;16;-1;13;6
25;13;6;2;2;1;70;1
25;8;6;1;1;2;70;1
25;15;7;11;4;3;70;1
25;5;1;23;10;4;70;1
25;9;2;4;5;5;70;1
25;17;9;10;6;6;70;1
25;12;4;6;9;7;70;1
25;4;4;5;3;8;70;1
25;14;9;9;7;9;70;1
25;1;1;22;13;10;70;1
25;10;7;12;8;11;70;1
25;20;5;15;12;12;70;1
25;2;2;3;11;13;70;1
25;22;11;17;20;14;69;11
25;6;3;8;15;15;69;11
25;3;3;7;19;16;69;11
25;7;5;14;14;17;69;11
25;21;10;21;17;18;69;11
25;16;10;20;18;19;69;11
25;18;11;16;16;-1;16;4
26;1;1;22;4;1;60;1
26;2;2;3;5;2;60;1
26;22;11;17;16;3;60;1
26;8;6;1;3;4;59;11
26;5;1;23;1;5;59;11
26;4;4;5;6;6;59;11
26;15;7;11;14;7;59;11
26;6;3;8;15;8;59;11
26;3;3;7;20;9;59;11
26;17;9;10;2;10;59;11
26;7;5;14;13;11;59;11
26;10;7;12;12;12;59;11
26;13;6;2;9;13;58;12
26;9;2;4;10;-1;39;20
26;18;11;16;17;-1;38;20
26;12;4;6;7;-1;35;20
26;21;10;21;19;-1;16;20
26;16;10;20;18;-1;10;20
26;20;5;15;8;-1;0;4
26;14;9;9;11;-1;0;4
27;1;1;22;1;1;67;1
27;12;4;6;17;2;67;1
27;13;6;2;2;3;67;1
27;2;2;3;12;4;67;1
27;5;1;23;3;5;67;1
27;8;6;1;6;6;67;1
27;9;2;4;7;7;67;1
27;20;5;15;9;8;67;1
27;15;7;11;4;9;67;1
27;3;3;7;13;10;67;1
27;4;4;5;5;11;67;1
27;7;5;14;15;12;67;1
27;14;9;9;10;13;67;1
27;6;3;8;16;14;67;1
27;16;10;20;19;15;67;1
27;21;10;21;20;16;67;1
27;18;11;16;14;17;66;11
27;22;11;17;18;-1;50;4
27;17;9;10;8;-1;40;5
27;10;7;12;11;-1;35;22
28;5;1;23;2;1;70;1
28;10;7;12;5;2;70;1
28;8;6;1;6;3;70;1
28;4;4;5;7;4;70;1
28;1;1;22;1;5;70;1
28;12;4;6;10;6;70;1
28;15;7;11;9;7;70;1
28;9;2;4;4;8;70;1
28;17;9;10;8;9;70;1
28;2;2;3;15;10;70;1
28;14;9;9;13;11;70;1
28;18;11;16;12;12;69;11
28;6;3;8;16;13;69;11
28;3;3;7;14;14;69;11
28;21;10;21;18;15;69;11
28;22;11;17;17;16;68;12
28;13;6;2;3;17;67;5
28;7;5;14;19;18;67;13
28;16;10;20;20;-1;62;23
28;20;5;15;11;-1;22;25
29;13;6;2;1;1;57;1
29;1;1;22;2;2;57;1
29;9;2;4;3;3;57;1
29;5;1;23;5;4;57;1
29;15;7;11;7;5;57;1
29;20;5;15;6;6;57;1
29;10;7;12;13;7;57;1
29;3;3;7;9;8;57;1
29;2;2;3;8;9;57;1
29;7;5;14;10;10;57;1
29;12;4;6;15;11;57;1
29;17;9;10;14;12;56;11
29;18;11;16;16;13;56;11
29;21;10;21;18;14;56;11
29;6;3;8;11;15;56;11
29;22;11;17;19;16;56;11
29;14;9;9;17;17;56;11
29;8;6;1;4;-1;45;5
29;16;10;20;20;-1;41;3
29;4;4;5;12;-1;0;4
30;13;6;2;2;1;44;1
30;2;2;3;5;2;44;1
30;1;1;22;1;3;44;1
30;4;4;5;6;4;44;1
30;20;5;15;10;5;44;1
30;9;2;4;8;6;44;1
30;7;5;14;9;7;44;1
30;17;9;10;7;8;44;1
30;10;7;12;13;9;44;1
30;5;1;23;3;10;43;6
30;14;9;9;14;11;43;11
30;3;3;7;15;12;43;11
30;16;10;20;18;13;43;11
30;6;3;8;19;14;43;11
30;18;11;16;17;15;43;11
30;15;7;11;11;16;43;11
30;21;10;21;20;17;43;11
30;8;6;1;4;18;42;20
30;22;11;17;16;-1;19;6
30;12;4;6;12;-1;13;20
31;20;5;15;1;1;53;1
31;5;1;23;2;2;53;1
31;9;2;4;11;3;53;1
31;4;4;5;8;4;53;1
31;2;2;3;10;5;53;1
31;13;6;2;6;6;53;1
31;1;1;22;15;7;53;1
31;17;9;10;3;8;53;1
31;8;6;1;14;9;53;1
31;12;4;6;17;10;53;1
31;10;7;12;9;11;53;1
31;6;3;8;18;12;53;1
31;15;7;11;7;13;53;1
31;3;3;7;5;14;53;1
31;18;11;16;19;15;53;1
31;14;9;9;13;16;52;11
31;22;11;17;16;17;52;11
31;7;5;14;4;18;52;11
31;16;10;20;20;19;51;12
31;21;10;21;12;-1;11;3
32;4;4;5;15;1;61;1
32;3;3;7;8;2;61;1
32;1;1;22;2;3;61;1
32;10;7;12;7;4;61;1
32;20;5;15;6;5;61;1
32;2;2;3;9;6;61;1
32;14;9;9;14;7;61;1
32;6;3;8;10;8;61;1
32;18;11;16;12;9;61;1
32;5;1;23;5;10;61;1
32;9;2;4;4;11;61;1
32;7;5;14;17;12;61;1
32;13;6;2;1;13;61;1
32;21;10;21;20;14;61;1
32;8;6;1;3;15;57;3
32;15;7;11;11;-1;50;9
32;16;10;20;19;-1;49;3
32;17;9;10;13;-1;29;7
32;22;11;17;18;-1;14;26
32;12;4;6;16;-1;13;3
33;4;4;5;4;1;67;1
33;9;2;4;6;2;67;1
33;8;6;1;2;3;67;1
33;12;4;6;12;4;67;1
33;15;7;11;7;5;67;1
33;20;5;15;9;6;67;1
33;13;6;2;5;7;67;1
33;17;9;10;13;8;67;1
33;2;2;3;16;9;67;1
33;7;5;14;10;10;67;1
33;3;3;7;15;11;67;1
33;1;1;22;1;12;67;1
33;22;11;17;17;13;66;11
33;18;11;16;18;14;66;11
33;6;3;8;14;15;66;11
33;21;10;21;20;-1;21;6
33;5;1;23;3;-1;16;5
33;16;10;20;19;-1;8;27
33;10;7;12;8;-1;6;28
33;14;9;9;11;-1;0;4
34;1;1;22;1;1;56;1
34;13;6;2;3;2;56;1
34;8;6;1;2;3;56;1
34;4;4;5;4;4;56;1
34;2;2;3;9;5;56;1
34;9;2;4;11;6;56;1
34;10;7;12;12;7;56;1
34;12;4;6;10;8;56;1
34;20;5;15;6;9;56;1
34;14;9;9;15;10;56;1
34;22;11;17;13;11;56;1
34;6;3;8;17;12;56;1
34;7;5;14;8;13;56;1
34;17;9;10;16;14;56;1
34;3;3;7;14;15;55;11
34;18;11;16;18;16;55;11
34;21;10;21;20;17;55;11
34;5;1;23;5;-1;49;9
34;16;10;20;19;-1;13;5
34;15;7;11;7;-1;2;4
35;13;6;2;1;1;71;1
35;4;4;5;6;2;71;1
35;8;6;1;3;3;71;1
35;20;5;15;7;4;71;1
35;1;1;22;4;5;71;1
35;10;7;12;10;6;71;1
35;5;1;23;5;7;71;1
35;15;7;11;2;8;71;1
35;17;9;10;12;9;71;1
35;2;2;3;8;10;70;11
35;9;2;4;13;11;70;11
35;3;3;7;18;12;70;11
35;18;11;16;17;13;70;11
35;7;5;14;9;14;70;11
35;22;11;17;15;15;70;11
35;16;10;20;20;16;69;12
35;6;3;8;16;17;69;12
35;21;10;21;19;18;69;12
35;12;4;6;11;-1;0;3
35;14;9;9;14;-1;0;4
36;8;6;6;1;1;58;1
36;4;1;1;2;2;58;1
36;1;1;2;4;3;58;1
36;2;2;9;3;4;58;1
36;21;4;3;6;5;58;1
36;13;6;5;22;6;58;1
36;3;3;16;12;7;57;11
36;23;7;11;9;8;57;11
36;15;7;12;8;9;57;11
36;5;4;4;13;10;57;11
36;22;11;8;16;11;57;11
36;11;8;22;10;12;57;11
36;17;9;15;7;13;57;11
36;24;5;18;19;14;57;11
36;18;11;7;14;15;57;11
36;19;8;23;11;16;56;12
36;16;12;20;20;17;56;12
36;25;3;17;15;-1;48;4
36;14;9;14;18;-1;48;4
36;9;2;10;5;-1;36;6
36;26;5;19;17;-1;28;29
36;27;12;21;21;-1;10;3
37;4;1;1;2;1;56;1
37;1;1;2;4;2;56;1
37;8;6;6;3;3;56;1
37;2;2;9;5;4;56;1
37;13;6;5;1;5;56;1
37;21;4;3;12;6;56;1
37;15;7;12;8;7;56;1
37;5;4;4;11;8;56;1
37;25;3;17;19;9;56;1
37;17;9;15;10;10;56;1
37;22;11;8;22;11;55;11
37;18;11;7;15;12;55;11
37;11;8;22;14;13;55;11
37;26;5;19;17;14;55;11
37;23;7;11;9;15;55;11
37;19;8;23;18;16;55;11
37;24;5;18;16;17;55;11
37;9;2;10;7;18;55;11
37;3;3;16;6;-1;42;9
37;14;9;14;13;-1;36;23
37;27;12;21;20;-1;7;5
37;16;12;20;21;-1;0;4
38;13;6;5;1;1;57;1
38;1;1;2;2;2;57;1
38;8;6;6;3;3;57;1
38;2;2;9;5;4;57;1
38;4;1;1;4;5;57;1
38;9;2;10;6;6;57;1
38;15;7;12;9;7;57;1
38;21;4;3;7;8;57;1
38;5;4;4;12;9;57;1
38;3;3;16;10;10;57;1
38;25;3;17;11;11;56;11
38;23;7;11;14;12;56;11
38;22;11;8;15;13;56;11
38;27;12;21;22;14;55;12
38;16;12;20;20;15;53;14
38;19;8;23;13;16;51;5
38;17;9;15;8;-1;41;6
38;14;9;14;21;-1;36;30
38;11;8;22;17;-1;34;5
38;24;5;18;18;-1;26;9
38;18;11;7;16;-1;0;4
38;26;5;19;19;-1;0;4
39;13;6;5;1;1;65;1
39;1;1;2;4;2;65;1
39;4;1;1;2;3;65;1
39;9;2;10;5;4;65;1
39;14;9;14;9;5;65;1
39;3;3;16;11;6;65;1
39;5;4;4;8;7;65;1
39;11;8;22;13;8;64;11
39;21;4;3;10;9;64;11
39;22;11;8;12;10;64;11
39;19;8;23;15;11;64;11
39;18;11;7;14;12;64;11
39;16;12;20;20;13;63;12
39;27;12;21;21;14;63;12
39;2;2;9;7;-1;46;6
39;23;7;11;17;-1;44;22
39;24;5;18;16;-1;19;31
39;26;5;19;22;-1;9;27
39;8;6;6;3;-1;9;22
39;15;7;12;6;-1;8;32
39;17;9;15;19;-1;7;9
39;25;3;17;18;-1;1;4
40;4;1;1;1;1;78;1
40;1;1;2;2;2;78;1
40;13;6;5;3;3;78;1
40;21;4;3;4;4;77;11
40;9;2;10;8;5;77;11
40;2;2;9;7;6;77;11
40;25;3;17;11;7;77;11
40;8;6;6;16;8;77;11
40;26;5;19;18;9;77;11
40;22;11;8;9;10;77;11
40;18;11;7;10;11;77;11
40;3;3;16;5;12;77;11
40;5;4;4;15;13;76;5
40;14;9;14;13;14;76;12
40;15;7;12;14;15;76;12
40;23;7;11;20;16;76;12
40;11;8;22;21;17;76;12
40;19;8;23;17;18;76;12
40;27;12;21;22;19;70;30
40;16;12;20;19;-1;53;3
40;17;9;15;6;-1;17;6
40;24;5;18;12;-1;2;3
41;1;1;2;1;1;70;1
41;2;2;9;3;2;70;1
41;25;3;17;19;3;70;1
41;5;4;4;22;4;70;1
41;8;6;6;4;5;70;1
41;11;8;22;11;6;70;1
41;4;1;1;2;7;70;1
41;23;7;11;18;8;70;1
41;17;9;15;6;9;70;1
41;3;3;16;7;10;70;1
41;19;8;23;17;11;70;1
41;22;11;8;13;12;70;1
41;15;7;12;10;-1;58;3
41;24;5;18;12;-1;54;3
41;27;12;21;21;-1;47;33
41;14;9;14;14;-1;36;6
41;9;2;10;8;-1;26;3
41;16;12;20;20;-1;21;3
41;26;5;19;16;-1;8;3
41;18;11;7;15;-1;0;6
41;13;6;5;5;-1;51;2
41;21;4;3;9;-1;51;2
42;1;1;2;1;1;73;1
42;4;1;1;2;2;73;1
42;13;6;5;3;3;73;1
42;8;6;6;4;4;73;1
42;5;4;4;6;5;73;1
42;15;7;12;8;6;73;1
42;17;9;15;9;7;73;1
42;20;2;10;7;8;73;1
42;21;4;3;10;9;72;11
42;25;3;17;17;10;72;11
42;19;8;23;16;11;72;11
42;18;11;7;13;12;72;11
42;26;5;19;20;13;71;12
42;16;12;20;21;14;71;12
42;27;12;21;22;15;70;13
42;3;3;16;14;16;68;5
42;24;5;18;19;17;68;34
42;2;2;9;5;-1;56;7
42;11;8;22;18;-1;13;20
42;14;9;14;11;-1;0;4
42;22;11;8;15;-1;0;4
42;23;7;11;12;-1;0;4
43;8;6;6;3;1;70;1
43;13;6;5;1;2;70;1
43;1;1;2;2;3;70;1
43;9;2;10;4;4;70;1
43;2;2;9;7;5;70;1
43;21;4;3;5;6;70;1
43;4;1;1;10;7;70;1
43;18;11;7;12;8;70;1
43;3;3;16;9;9;70;1
43;23;7;11;11;10;69;11
43;22;11;8;13;11;69;11
43;17;9;15;14;12;69;11
43;14;9;14;16;13;69;11
43;25;3;17;18;14;69;11
43;5;4;4;6;15;69;11
43;11;8;22;22;16;68;12
43;16;12;20;21;17;68;12
43;26;5;19;15;-1;55;6
43;27;12;21;20;-1;28;35
43;19;8;23;19;-1;1;4
43;15;7;12;8;-1;1;4
43;24;5;18;17;-1;0;4
44;8;6;6;2;1;59;1
44;4;1;1;3;2;59;1
44;1;1;2;1;3;59;1
44;9;2;10;5;4;59;1
44;13;6;5;4;5;59;1
44;2;2;9;9;6;59;1
44;5;4;4;7;7;58;11
44;21;4;3;8;8;58;11
44;22;11;8;14;9;58;11
44;18;11;7;18;10;58;11
44;14;9;14;12;11;58;11
44;3;3;16;17;12;58;11
44;25;3;17;13;13;58;11
44;11;8;22;21;14;57;12
44;27;12;21;22;15;57;12
44;24;5;18;16;16;53;6
44;15;7;12;10;-1;43;31
44;19;8;23;19;-1;35;26
44;26;5;19;15;-1;29;3
44;23;7;11;6;-1;22;36
44;16;12;20;20;-1;16;5
44;17;9;15;11;-1;8;9
45;4;1;1;2;1;60;1
45;13;6;5;3;2;60;1
45;17;9;15;6;3;60;1
45;25;3;17;12;4;60;1
45;14;9;14;20;5;60;1
45;2;2;9;4;6;60;1
45;9;2;10;5;7;60;1
45;5;4;4;7;8;59;11
45;1;1;2;10;9;59;11
45;21;4;3;13;10;59;11
45;22;11;8;14;11;59;11
45;19;8;23;15;12;59;11
45;15;7;12;8;13;59;11
45;8;6;6;1;-1;34;9
45;11;8;22;16;-1;19;31
45;23;7;11;9;-1;18;4
45;28;12;21;22;-1;13;9
45;18;11;7;17;-1;2;20
45;16;12;20;21;-1;2;20
45;3;3;16;11;-1;2;20
45;26;5;19;18;-1;2;20
45;24;5;18;19;-1;2;20
46;1;1;2;1;1;70;1
46;8;6;6;3;2;70;1
46;2;2;9;2;3;70;1
46;4;1;1;6;4;70;1
46;9;2;10;7;5;70;1
46;23;7;11;5;6;70;1
46;3;3;16;4;7;70;1
46;5;4;4;11;8;70;1
46;17;9;15;9;9;70;1
46;15;7;12;8;10;69;11
46;14;9;14;10;11;69;11
46;21;4;3;13;12;69;11
46;13;6;5;14;13;69;11
46;25;3;17;12;14;69;11
46;11;8;22;19;15;69;11
46;20;5;19;20;16;69;11
46;16;12;20;21;17;68;12
46;22;11;8;18;18;68;12
46;24;5;18;16;-1;42;10
46;19;8;23;15;-1;41;3
46;18;11;7;17;-1;35;37
46;29;12;21;22;-1;4;3
47;13;6;5;1;1;58;1
47;8;6;6;3;2;58;1
47;4;1;1;4;3;58;1
47;2;2;9;6;4;58;1
47;1;1;2;2;5;58;1
47;5;4;4;7;6;58;1
47;3;3;16;8;7;58;1
47;9;2;10;5;8;58;1
47;21;4;3;10;9;58;1
47;14;9;14;13;10;58;1
47;25;3;17;14;11;58;1
47;23;7;11;16;12;57;11
47;18;11;7;21;13;57;11
47;19;8;23;11;14;57;11
47;24;5;18;15;15;57;11
47;15;7;12;9;16;57;11
47;22;11;8;22;17;57;11
47;11;8;22;17;18;57;11
47;20;5;19;18;19;57;11
47;29;12;21;20;20;56;12
47;16;12;20;19;21;53;32
47;17;9;15;12;-1;9;9
48;4;1;1;1;1;53;1
48;1;1;2;2;2;53;1
48;8;6;6;5;3;53;1
48;2;2;9;4;4;53;1
48;9;2;10;6;5;53;1
48;3;3;16;8;6;53;1
48;5;4;4;7;7;53;1
48;18;11;7;10;8;53;1
48;17;9;15;11;9;53;1
48;22;11;8;12;10;53;1
48;15;7;12;9;11;53;1
48;21;4;3;15;12;52;11
48;25;3;17;13;13;52;11
48;19;8;23;14;14;52;11
48;23;7;11;18;15;52;11
48;11;8;22;17;16;52;11
48;24;5;18;19;17;52;11
48;20;5;19;16;18;52;11
48;16;12;20;21;19;52;11
48;29;12;21;22;20;52;11
48;13;6;5;3;-1;10;22
48;14;9;14;20;-1;1;3
49;8;6;6;1;1;44;1
49;13;6;5;2;2;44;1
49;4;1;1;3;3;44;1
49;1;1;2;4;4;44;1
49;2;2;9;6;5;44;1
49;3;3;16;5;6;44;1
49;17;9;15;7;7;44;1
49;5;4;4;9;8;44;1
49;9;2;10;14;9;44;1
49;23;7;11;10;10;44;1
49;15;7;12;8;11;44;1
49;24;5;18;13;12;43;11
49;22;11;8;17;13;43;11
49;16;12;20;19;14;43;11
49;11;8;22;18;15;43;11
49;19;8;23;20;16;43;11
49;29;12;21;21;17;43;11
49;18;11;7;12;-1;36;9
49;25;3;17;15;-1;34;32
49;14;9;14;11;-1;29;9
49;20;5;19;16;-1;8;38
49;21;4;3;22;-1;1;22
50;1;1;2;1;1;67;1
50;5;4;4;11;2;67;1
50;8;6;6;3;3;67;1
50;14;9;14;12;4;67;1
50;21;4;3;10;5;67;1
50;13;6;5;4;6;67;1
50;9;2;10;9;7;67;1
50;16;12;20;20;8;67;1
50;24;5;18;14;9;67;1
50;22;11;8;17;10;67;1
50;18;11;7;6;11;66;22
50;29;12;21;22;12;66;11
50;15;7;12;13;13;66;11
50;2;2;9;5;14;65;39
50;11;8;22;21;15;65;4
50;23;7;11;15;-1;55;29
50;19;8;23;19;-1;54;37
50;3;3;16;16;-1;49;40
50;20;5;19;8;-1;46;4
50;17;9;15;7;-1;45;4
50;4;1;1;2;-1;41;3
50;25;3;17;18;-1;19;4
51;8;6;6;2;1;56;1
51;4;1;1;4;2;56;1
51;13;6;5;3;3;56;1
51;20;5;19;17;4;56;1
51;18;11;7;10;5;56;1
51;24;5;18;11;6;56;1
51;2;2;9;8;7;56;1
51;14;9;14;5;8;56;1
51;5;4;4;13;9;56;1
51;17;9;15;7;10;56;1
51;21;4;3;18;11;56;1
51;25;3;17;19;12;55;11
51;15;7;12;12;13;55;11
51;11;8;22;20;14;55;11
51;22;11;8;16;15;55;11
51;3;3;16;15;16;54;12
51;29;12;21;22;17;53;13
51;9;2;10;9;-1;33;9
51;1;1;2;1;-1;30;20
51;23;7;11;6;-1;25;20
51;16;12;20;21;-1;24;3
51;19;8;23;14;-1;11;23
52;8;6;6;3;1;71;1
52;13;6;5;1;2;71;1
52;4;1;1;4;3;71;1
52;3;3;16;10;4;71;1
52;9;2;10;7;5;71;1
52;2;2;9;6;6;71;1
52;1;1;2;2;7;70;11
52;15;7;12;8;8;70;11
52;14;9;14;9;9;70;11
52;6;3;17;19;10;70;11
52;23;7;11;15;11;70;11
52;11;8;22;18;12;69;12
52;24;5;18;14;13;69;12
52;19;8;23;20;14;68;13
52;16;12;20;21;-1;43;23
52;22;11;8;11;-1;40;5
52;5;4;4;17;-1;35;3
52;20;5;19;13;-1;34;9
52;18;11;7;16;-1;20;5
52;17;9;15;5;-1;14;6
52;29;12;21;22;-1;2;4
52;21;4;3;12;-1;2;4
53;4;4;1;4;1;57;1
53;30;6;5;1;2;57;1
53;8;1;3;22;3;57;1
53;18;11;12;3;4;57;1
53;31;1;4;5;5;57;1
53;17;3;9;7;6;57;1
53;3;3;10;12;7;57;1
53;32;9;15;8;8;57;1
53;13;6;6;2;9;57;1
53;14;9;14;13;10;57;1
53;24;5;20;15;11;57;1
53;2;2;16;10;12;56;11
53;26;5;21;16;13;56;11
53;23;7;7;17;14;56;11
53;22;11;11;6;15;56;11
53;15;7;8;14;16;56;11
53;33;13;18;19;17;55;12
53;11;8;22;20;18;53;14
53;34;8;23;21;-1;35;26
53;35;2;17;11;-1;29;5
53;21;4;2;9;-1;21;9
53;27;13;19;18;-1;0;30
54;21;4;2;1;1;56;1
54;4;4;1;7;2;56;1
54;18;11;12;2;3;56;1
54;31;1;4;5;4;56;1
54;13;6;6;21;5;56;1
54;30;6;5;14;6;56;1
54;35;2;17;10;7;56;1
54;23;7;7;22;8;56;1
54;15;7;8;9;9;55;11
54;22;11;11;20;10;55;11
54;24;5;20;13;11;54;12
54;27;13;19;15;12;54;12
54;33;13;18;16;13;54;12
54;11;8;22;17;14;53;13
54;2;2;16;11;-1;48;5
54;26;5;21;12;-1;41;8
54;34;8;23;18;-1;33;26
54;32;9;15;8;-1;26;9
54;17;3;9;4;-1;15;9
54;14;9;14;19;-1;10;9
54;3;3;10;3;-1;6;5
54;8;1;3;6;-1;0;3
55;4;4;1;3;1;57;1
55;8;1;3;4;2;57;1
55;23;7;7;6;3;57;1
55;2;2;16;8;4;57;1
55;21;4;2;2;5;57;1
55;35;2;17;19;6;57;1
55;22;11;11;16;7;57;1
55;14;9;14;11;8;57;1
55;26;5;21;18;9;57;1
55;18;11;12;1;10;56;11
55;27;13;19;17;11;56;11
55;11;8;22;21;12;55;12
55;34;8;23;22;13;54;13
55;31;1;4;5;-1;46;10
55;33;13;18;20;-1;39;26
55;24;5;20;12;-1;37;3
55;30;6;5;10;-1;32;3
55;17;3;9;7;-1;22;7
55;32;9;15;13;-1;4;3
55;15;7;8;9;-1;0;3
55;3;3;10;14;-1;0;3
55;13;6;6;15;-1;0;3
56;30;6;5;1;1;62;1
56;4;4;1;5;2;62;1
56;31;1;4;7;3;62;1
56;13;6;6;4;4;62;1
56;8;1;3;8;5;62;1
56;17;3;9;10;6;62;1
56;18;11;12;2;7;62;1
56;21;4;2;11;8;62;1
56;23;7;7;6;9;62;1
56;22;11;11;3;10;62;1
56;3;3;10;13;11;62;1
56;35;2;17;12;12;62;1
56;2;2;16;15;13;61;11
56;24;5;20;16;14;61;11
56;26;5;21;18;15;61;11
56;33;13;18;19;16;60;12
56;14;9;14;14;-1;47;30
56;11;8;22;21;-1;44;20
56;32;9;15;17;-1;40;9
56;34;8;23;22;-1;23;22
56;15;7;8;9;-1;5;38
56;27;13;19;20;-1;0;3
57;30;6;5;2;1;60;1
57;4;4;1;1;2;60;1
57;13;6;6;3;3;60;1
57;8;1;3;5;4;60;1
57;22;11;11;4;5;60;1
57;21;4;2;11;6;60;1
57;3;3;10;22;7;60;1
57;35;2;17;9;8;60;1
57;15;7;8;7;9;59;11
57;2;2;16;13;10;59;11
57;26;5;21;17;11;59;11
57;33;13;18;18;12;59;11
57;27;13;19;16;13;59;11
57;23;7;7;10;-1;52;5
57;31;1;4;8;-1;52;5
57;11;8;22;20;-1;45;9
57;36;8;23;21;-1;29;9
57;18;11;12;6;-1;28;5
57;32;9;15;15;-1;28;6
57;17;3;9;19;-1;12;9
57;14;9;14;12;-1;2;3
57;24;5;20;14;-1;0;3
58;4;4;1;1;1;66;1
58;30;6;5;3;2;66;1
58;21;4;2;2;3;66;1
58;13;6;6;4;4;66;1
58;8;1;3;9;5;66;1
58;18;11;12;8;6;66;1
58;22;11;11;5;7;65;11
58;2;2;16;10;8;65;11
58;17;3;9;11;9;65;11
58;15;7;8;7;10;65;11
58;3;3;10;13;11;65;11
58;35;2;17;22;12;65;11
58;32;9;15;14;13;65;11
58;14;9;14;21;14;65;11
58;24;5;20;15;15;63;9
58;33;13;18;17;16;63;13
58;11;8;22;19;17;62;14
58;27;13;19;18;-1;48;41
58;26;5;21;16;-1;47;5
58;23;7;7;6;-1;31;40
58;31;1;4;12;-1;17;20
58;36;8;23;20;-1;10;30
59;4;4;1;1;1;78;1
59;31;1;4;4;2;78;1
59;14;9;14;7;3;78;1
59;22;11;11;5;4;78;1
59;30;6;5;22;5;78;1
59;21;4;2;9;6;78;1
59;2;2;16;15;7;77;11
59;23;7;7;10;8;77;11
59;13;6;6;21;9;77;11
59;24;5;20;12;10;77;11
59;18;11;12;13;11;77;11
59;27;13;19;16;12;77;11
59;26;5;21;18;13;77;11
59;35;2;17;14;14;77;11
59;33;13;18;17;15;76;12
59;36;8;23;20;16;75;13
59;15;7;8;6;17;72;9
59;32;9;15;11;-1;56;7
59;3;3;10;8;-1;51;3
59;8;1;3;3;-1;50;42
59;17;3;9;2;-1;48;43
59;11;8;22;19;-1;46;10
60;4;4;1;1;1;60;1
60;30;6;5;3;2;60;1
60;8;1;3;2;3;60;1
60;21;4;2;5;4;60;1
60;13;6;6;4;5;60;1
60;31;1;4;8;6;60;1
60;2;2;16;9;7;60;1
60;35;2;17;10;8;60;1
60;3;3;10;12;9;60;1
60;22;11;11;6;10;59;11
60;15;7;8;22;11;59;11
60;14;9;14;11;12;59;11
60;24;5;20;13;13;59;11
60;32;9;15;14;14;59;11
60;27;13;19;18;15;59;11
60;33;13;18;16;16;58;12
60;11;8;22;20;17;57;13
60;36;8;23;21;18;57;13
60;18;11;12;19;-1;8;44
60;26;5;21;15;-1;1;3
60;23;7;7;7;-1;0;3
60;17;3;9;17;-1;0;3
61;4;4;1;1;1;70;1
61;30;6;5;5;2;70;1
61;8;1;3;3;3;70;1
61;21;4;2;2;4;70;1
61;13;6;6;10;5;70;1
61;15;7;8;4;6;69;11
61;2;2;16;13;7;69;11
61;14;9;14;22;8;69;11
61;18;11;12;8;9;69;11
61;26;5;21;17;10;69;11
61;32;9;15;12;11;69;11
61;17;3;9;16;12;69;11
61;24;5;20;15;13;68;12
61;33;13;18;18;14;66;14
61;11;8;22;20;15;64;3
61;35;2;17;11;-1;58;3
61;23;7;7;14;-1;58;31
61;31;1;4;7;-1;13;3
61;22;11;11;9;-1;11;26
61;36;8;23;21;-1;2;5
61;3;3;10;6;-1;1;3
61;27;13;19;19;-1;0;3
62;30;6;5;1;1;73;1
62;13;6;6;2;2;73;1
62;21;4;2;3;3;73;1
62;15;7;8;22;4;73;1
62;4;4;1;5;5;73;1
62;22;11;11;4;6;73;1
62;14;9;14;17;7;72;11
62;24;5;20;20;8;72;11
62;3;3;10;21;9;72;11
62;23;7;7;8;-1;62;45
62;27;13;19;14;-1;37;7
62;35;2;17;6;-1;23;5
62;33;13;18;15;-1;9;3
62;11;8;22;18;-1;6;3
62;18;11;12;7;-1;3;3
62;8;1;3;9;-1;0;3
62;2;2;16;10;-1;0;3
62;31;1;4;11;-1;0;3
62;17;3;9;12;-1;0;3
62;26;5;21;13;-1;0;3
62;32;9;15;16;-1;0;3
62;36;8;23;19;-1;0;3
63;30;6;5;1;1;70;1
63;4;4;1;3;2;70;1
63;13;6;6;2;3;70;1
63;23;7;7;5;4;70;1
63;8;1;3;6;5;70;1
63;21;4;2;7;6;70;1
63;37;1;4;8;7;70;1
63;2;2;16;11;8;69;11
63;14;9;14;9;9;69;11
63;26;5;21;14;10;69;11
63;35;2;17;16;11;69;11
63;32;9;15;12;12;69;11
63;24;5;20;22;13;69;11
63;3;3;10;18;14;68;12
63;27;13;19;15;15;68;12
63;36;8;23;20;16;67;13
63;18;11;12;17;-1;61;39
63;17;3;9;10;-1;55;46
63;15;7;8;4;-1;39;23
63;22;11;11;13;-1;28;5
63;33;13;18;19;-1;11;26
63;11;8;22;21;-1;0;7
64;30;6;5;2;1;67;1
64;13;6;6;3;2;67;1
64;8;1;3;1;3;67;1
64;18;11;12;4;4;67;1
64;4;4;1;7;5;67;1
64;21;4;2;5;6;67;1
64;15;7;8;20;7;67;1
64;32;9;15;12;8;67;1
64;23;7;7;8;9;67;1
64;24;5;20;16;10;66;11
64;14;9;14;10;11;66;11
64;26;5;21;19;12;66;11
64;17;3;9;11;-1;59;47
64;11;8;22;17;-1;38;6
64;35;2;17;13;-1;30;3
64;22;11;11;6;-1;18;5
64;2;2;16;15;-1;9;23
64;37;1;4;9;-1;2;48
64;29;8;23;22;-1;1;30
64;3;3;10;14;-1;0;3
64;27;13;19;21;-1;66;2
64;33;13;18;18;-1;66;2
65;18;11;12;14;1;70;1
65;37;1;4;4;2;70;1
65;2;2;16;10;3;70;1
65;22;11;11;3;4;70;1
65;14;9;14;12;5;69;11
65;23;7;7;6;6;69;11
65;13;6;6;2;7;69;11
65;30;6;5;11;8;67;49
65;33;13;18;16;9;67;13
65;27;13;19;22;10;67;13
65;26;5;21;20;11;66;14
65;15;7;8;8;12;65;5
65;11;8;22;19;13;65;15
65;4;4;1;15;-1;51;30
65;8;1;3;1;-1;25;4
65;24;5;20;17;-1;25;4
65;3;3;10;18;-1;19;10
65;21;4;2;7;-1;18;20
65;32;9;15;13;-1;6;20
65;17;3;9;5;-1;1;3
65;29;8;23;21;-1;0;5
65;9;2;17;9;-1;69;2
66;13;6;6;1;1;58;1
66;4;4;1;3;2;58;1
66;30;6;5;2;3;58;1
66;18;11;12;6;4;58;1
66;37;1;4;11;5;58;1
66;21;4;2;4;6;58;1
66;23;7;7;15;7;58;1
66;22;11;11;13;8;58;1
66;15;7;8;12;9;57;11
66;17;3;9;9;10;57;11
66;32;9;15;10;11;57;11
66;9;2;17;8;12;57;11
66;26;5;21;17;13;57;11
66;2;2;16;5;14;56;12
66;14;9;14;16;15;55;6
66;27;13;19;22;-1;46;20
66;11;8;22;21;-1;41;50
66;3;3;10;14;-1;25;47
66;29;8;23;20;-1;23;20
66;24;5;20;18;-1;12;20
66;8;1;3;7;-1;1;4
66;33;13;18;19;-1;0;4
67;30;6;5;2;1;53;1
67;8;1;3;1;2;53;1
67;9;2;17;6;3;53;1
67;21;4;2;9;4;53;1
67;18;11;12;5;5;53;1
67;22;11;11;8;6;53;1
67;15;7;8;11;7;53;1
67;2;2;16;3;8;53;1
67;13;6;6;4;9;53;1
67;17;3;9;19;10;53;1
67;32;9;15;16;11;52;11
67;14;9;14;14;12;52;11
67;26;5;21;15;13;52;11
67;24;5;20;17;14;52;11
67;23;7;7;13;15;52;11
67;11;8;22;21;16;51;12
67;27;14;19;18;17;51;12
67;33;14;18;20;-1;44;23
67;4;4;1;10;-1;43;5
67;37;1;4;7;-1;20;5
67;29;8;23;22;-1;18;9
67;3;3;10;12;-1;9;30
68;30;6;5;6;1;56;1
68;4;4;1;1;2;56;1
68;21;4;2;2;3;56;1
68;18;11;12;4;4;56;1
68;37;1;4;7;5;56;1
68;22;11;11;3;6;56;1
68;2;2;16;8;7;56;1
68;17;3;9;14;8;56;1
68;14;9;14;12;9;56;1
68;24;5;20;13;10;55;11
68;3;3;10;15;11;55;11
68;38;9;15;10;12;55;11
68;9;2;17;9;13;55;11
68;26;5;21;11;14;55;11
68;27;14;19;22;15;53;13
68;29;8;23;19;16;52;14
68;23;7;7;16;-1;49;51
68;13;6;6;20;-1;44;4
68;15;7;8;17;-1;38;63
68;33;14;18;18;-1;37;20
68;8;1;3;5;-1;18;37
68;11;8;22;21;-1;55;2
69;4;4;1;5;1;53;1
69;13;6;6;1;2;53;1
69;21;4;2;6;3;53;1
69;18;11;12;7;4;53;1
69;8;1;3;11;5;53;1
69;15;7;8;4;6;53;1
69;23;7;7;3;7;53;1
69;2;2;16;9;8;53;1
69;9;2;17;12;9;53;1
69;3;3;10;10;10;52;11
69;37;1;4;13;11;52;11
69;22;11;11;8;12;52;11
69;38;9;15;18;13;52;11
69;24;5;20;15;14;52;11
69;11;8;22;20;15;52;11
69;33;14;18;21;16;51;12
69;29;8;23;22;17;50;13
69;26;5;21;19;18;48;38
69;17;3;9;14;-1;39;3
69;30;6;5;2;-1;36;5
69;14;9;14;17;-1;35;6
69;27;14;19;16;-1;20;30
70;13;6;6;1;1;71;1
70;4;4;1;4;2;71;1
70;18;11;12;14;3;71;1
70;30;6;5;10;4;71;1
70;8;1;3;2;5;71;1
70;21;4;2;6;6;71;1
70;22;11;11;5;7;71;1
70;37;1;4;12;8;71;1
70;9;2;17;9;9;71;1
70;11;8;22;19;10;70;11
70;26;5;21;16;11;70;11
70;38;9;15;22;12;70;11
70;24;5;20;15;13;70;11
70;27;14;19;17;14;70;11
70;33;14;18;21;15;69;12
70;29;8;23;20;16;69;12
70;2;2;16;8;17;63;3
70;14;9;14;18;-1;14;6
70;15;7;8;3;-1;10;22
70;23;7;7;7;-1;9;22
70;17;3;9;11;-1;1;4
70;3;3;10;13;-1;0;4
71;21;4;6;1;1;57;1
71;22;6;2;11;2;57;1
71;4;4;5;13;3;57;1
71;14;9;14;5;4;57;1
71;17;3;7;3;5;57;1
71;31;1;10;9;6;57;1
71;32;9;15;6;7;57;1
71;8;1;9;10;8;57;1
71;15;7;16;2;9;57;1
71;13;15;12;18;10;57;1
71;18;16;3;8;-1;56;11
71;23;7;17;15;12;56;11
71;35;15;11;4;13;56;11
71;11;16;4;20;-1;55;12
71;39;17;19;12;15;55;12
71;33;17;18;14;16;55;12
71;40;18;20;16;17;55;14
71;30;6;1;19;-1;42;3
71;2;3;8;7;-1;42;3
71;27;18;21;17;-1;16;6
72;4;4;5;1;1;56;1
72;15;7;16;2;2;56;1
72;2;3;8;10;3;56;1
72;31;1;10;11;4;56;1
72;23;7;17;5;5;56;1
72;14;9;14;8;6;56;1
72;30;6;1;13;7;56;1
72;32;9;15;7;8;56;1
72;8;1;9;6;9;56;1
72;13;15;12;14;10;55;11
72;39;17;19;17;11;54;12
72;33;17;18;18;12;53;13
72;27;18;21;19;13;52;14
72;22;6;2;12;-1;49;27
72;21;4;6;3;-1;36;4
72;17;3;7;4;-1;36;4
72;35;15;11;16;-1;26;20
72;18;16;3;9;-1;2;5
72;19;16;4;15;-1;2;5
72;40;18;20;20;-1;2;20
73;4;4;5;1;1;57;1
73;15;7;16;3;2;57;1
73;8;1;9;9;3;57;1
73;23;7;17;6;4;57;1
73;37;1;10;8;5;57;1
73;17;3;7;5;6;57;1
73;13;15;12;12;7;56;11
73;14;9;14;14;8;56;11
73;22;6;2;20;9;56;11
73;33;17;18;16;10;55;12
73;35;15;11;15;11;54;22
73;40;18;20;19;12;54;13
73;27;18;21;18;13;53;14
73;18;16;3;11;-1;46;8
73;11;16;4;13;-1;27;23
73;2;3;8;4;-1;25;5
73;30;6;1;2;-1;12;9
73;21;4;6;10;-1;4;5
73;39;17;19;17;-1;2;10
73;32;9;15;7;-1;0;10
74;4;4;5;2;1;62;1
74;30;6;1;13;2;62;1
74;25;1;10;7;3;62;1
74;35;15;11;11;4;62;1
74;15;7;16;5;5;62;1
74;2;3;8;8;6;62;1
74;17;3;7;4;7;62;1
74;24;9;15;15;8;62;1
74;23;7;17;10;9;62;1
74;13;15;12;18;10;61;11
74;14;9;14;14;11;61;11
74;39;17;19;16;12;61;11
74;33;17;18;17;13;60;12
74;27;18;21;20;-1;20;9
74;22;6;2;9;-1;18;10
74;8;1;9;1;-1;9;30
74;40;18;20;19;-1;8;8
74;21;4;6;12;-1;5;3
74;18;16;3;3;-1;62;2
74;11;16;4;6;-1;62;2
75;8;1;9;1;1;66;1
75;4;4;5;3;2;66;1
75;15;7;16;5;3;66;1
75;23;7;17;4;4;66;1
75;21;4;6;6;5;66;1
75;17;3;7;2;6;66;1
75;31;1;10;7;7;65;11
75;14;9;14;9;8;65;11
75;22;6;2;16;9;65;11
75;2;3;8;17;10;65;11
75;13;15;12;10;11;63;46
75;33;17;18;18;12;63;13
75;39;17;19;13;13;63;13
75;35;15;11;12;-1;51;5
75;30;6;1;8;-1;46;29
75;27;18;21;14;-1;19;6
75;40;18;20;15;-1;11;20
75;24;9;15;11;-1;9;20
76;8;1;9;1;1;78;1
76;2;3;8;6;2;78;1
76;17;3;7;3;3;78;1
76;4;4;5;2;4;78;1
76;31;1;10;16;5;78;1
76;23;7;17;18;6;78;1
76;30;6;1;8;7;78;1
76;22;6;2;10;8;78;1
76;13;15;12;11;9;77;11
76;15;7;16;5;10;77;11
76;35;15;11;9;11;77;11
76;21;4;6;4;12;77;11
76;33;17;18;15;13;75;13
76;27;18;21;14;14;73;15
76;24;9;15;12;-1;59;3
76;40;18;20;13;-1;29;3
76;14;9;14;7;-1;23;3
76;39;17;19;17;-1;18;9
77;4;4;5;6;1;59;1
77;2;3;8;1;2;59;1
77;22;6;2;7;3;59;1
77;14;9;14;12;4;59;1
77;30;6;1;10;5;59;1
77;21;4;6;9;6;59;1
77;31;1;10;5;7;59;1
77;15;7;16;4;8;59;1
77;24;9;15;14;9;59;1
77;18;16;3;13;10;59;1
77;8;1;9;2;11;58;3
77;11;16;4;16;12;58;11
77;35;15;11;15;13;58;11
77;13;15;12;11;14;58;11
77;33;17;18;17;15;58;11
77;39;17;19;19;16;58;11
77;27;18;21;20;17;57;12
77;40;18;20;18;18;56;13
77;23;7;17;8;-1;33;20
77;17;3;7;3;-1;0;3
78;8;1;9;7;1;70;1
78;30;6;1;2;2;70;1
78;22;6;2;20;3;70;1
78;13;15;12;11;4;70;1
78;17;3;7;14;5;70;1
78;23;7;17;10;6;69;11
78;14;9;14;12;7;69;11
78;32;9;15;16;8;69;11
78;35;15;11;8;9;69;11
78;33;17;18;18;10;67;13
78;27;18;21;15;11;67;13
78;15;7;16;9;-1;62;23
78;18;16;3;1;-1;46;3
78;2;3;8;13;-1;43;5
78;11;16;4;6;-1;40;23
78;40;18;20;19;-1;39;9
78;4;4;5;3;-1;38;22
78;21;4;6;4;-1;32;9
78;39;17;19;17;-1;24;22
78;31;1;10;5;-1;52;2
79;30;6;1;5;1;73;1
79;22;6;2;7;2;73;1
79;33;17;18;17;3;72;11
79;39;17;19;19;4;72;11
79;27;18;21;18;5;71;12
79;40;18;20;20;6;71;12
79;15;7;16;1;-1;0;54
79;8;1;9;2;-1;0;54
79;18;16;3;3;-1;0;54
79;21;4;6;4;-1;0;54
79;4;4;5;6;-1;0;54
79;11;16;4;8;-1;0;54
79;17;3;7;9;-1;0;54
79;13;15;12;10;-1;0;54
79;31;1;10;11;-1;0;54
79;35;15;11;12;-1;0;54
79;41;7;17;13;-1;0;54
79;32;9;15;14;-1;0;54
79;2;3;8;15;-1;0;54
79;14;9;14;16;-1;0;54
80;4;4;5;1;1;70;1
80;8;1;9;13;2;70;1
80;30;6;1;3;3;70;1
80;18;16;3;7;4;69;11
80;15;7;16;2;5;69;11
80;21;4;6;6;6;69;11
80;23;7;17;11;7;69;11
80;35;15;11;10;8;69;11
80;22;6;2;5;9;69;11
80;14;9;14;15;10;69;11
80;11;16;4;4;11;69;11
80;17;3;7;12;12;68;12
80;33;17;18;19;13;67;13
80;2;3;8;14;14;66;14
80;39;17;19;17;15;66;14
80;31;1;10;8;-1;46;5
80;27;18;21;20;-1;37;29
80;40;18;20;18;-1;33;29
80;13;15;12;9;-1;30;9
80;32;9;15;16;-1;1;32
81;31;1;10;3;1;60;1
81;4;4;5;1;2;60;1
81;8;1;9;12;3;60;1
81;21;4;6;6;4;60;1
81;18;16;3;2;5;60;1
81;30;6;1;9;6;60;1
81;22;6;2;5;7;60;1
81;23;7;17;8;8;60;1
81;15;7;16;4;9;60;1
81;13;15;12;16;10;59;11
81;17;3;7;11;11;59;11
81;2;3;8;14;12;59;11
81;14;9;14;13;13;59;11
81;35;15;11;10;14;59;11
81;32;9;15;15;15;59;11
81;11;16;4;7;16;58;12
81;33;17;18;20;17;58;12
81;27;18;21;18;18;57;13
81;40;18;20;19;19;56;14
81;39;17;19;17;-1;10;10
82;4;4;5;3;1;67;1
82;31;1;10;20;2;67;1
82;18;16;3;2;3;67;1
82;21;4;6;4;4;67;1
82;30;6;1;5;5;67;1
82;23;7;17;12;6;67;1
82;14;9;14;11;7;67;1
82;13;15;12;13;8;67;1
82;32;9;15;10;9;67;1
82;22;6;2;15;10;66;11
82;2;3;8;7;11;66;11
82;11;16;4;8;12;66;11
82;27;18;21;16;13;65;12
82;15;7;16;9;14;64;13
82;35;15;11;14;15;64;13
82;39;17;19;19;16;64;13
82;33;17;18;18;17;64;13
82;38;18;20;17;18;63;14
82;17;3;7;6;-1;55;55
82;8;1;9;1;-1;32;9
83;8;1;9;4;1;70;1
83;30;6;1;1;2;70;1
83;23;7;17;5;3;70;1
83;15;7;16;3;4;70;1
83;18;16;3;8;5;70;1
83;2;3;8;12;6;70;1
83;17;3;7;16;7;69;11
83;11;16;4;10;8;69;11
83;21;4;6;9;9;69;11
83;22;6;2;7;10;69;11
83;4;4;5;6;11;69;11
83;39;17;19;18;12;67;13
83;33;17;18;20;13;66;14
83;13;15;12;14;14;63;17
83;27;18;21;17;-1;59;45
83;35;15;11;15;-1;56;56
83;31;1;10;2;-1;41;30
83;38;18;20;19;-1;26;9
83;14;9;14;13;-1;0;3
83;32;9;15;11;-1;0;3
84;8;1;9;1;1;58;1
84;4;4;5;3;2;58;1
84;31;1;10;4;3;58;1
84;21;4;6;2;4;58;1
84;18;16;3;13;5;58;1
84;15;7;16;5;6;58;1
84;14;9;14;12;7;58;1
84;32;9;15;10;8;58;1
84;11;16;4;20;9;58;1
84;22;6;2;11;10;57;11
84;35;15;11;16;11;57;11
84;23;7;17;9;12;57;11
84;38;18;20;17;13;55;13
84;39;17;19;18;14;55;13
84;33;17;18;14;15;55;13
84;27;18;21;15;-1;48;31
84;30;6;1;19;-1;32;31
84;2;3;8;6;-1;29;27
84;13;15;12;8;-1;28;5
84;17;3;7;7;-1;20;27
85;31;1;10;1;1;53;1
85;4;4;5;2;2;53;1
85;21;4;6;8;3;53;1
85;8;1;9;11;4;53;1
85;15;7;16;5;5;53;1
85;23;7;17;9;6;53;1
85;42;3;8;16;7;53;1
85;18;16;3;3;8;53;1
85;13;15;12;15;9;53;1
85;30;6;1;6;10;53;1
85;35;15;11;12;11;52;11
85;22;6;2;7;12;52;11
85;32;9;15;13;13;52;11
85;17;3;7;14;14;52;11
85;14;9;14;10;15;52;11
85;11;16;4;4;16;52;11
85;33;17;18;17;17;51;12
85;38;18;20;18;18;51;12
85;27;18;21;20;19;51;12
85;39;17;19;19;20;50;13
86;8;1;9;2;1;44;1
86;4;4;5;4;2;44;1
86;18;16;3;8;3;44;1
86;17;3;7;9;4;44;1
86;22;6;2;12;5;44;1
86;35;15;11;14;6;44;1
86;23;7;17;5;7;44;1
86;33;17;18;19;8;43;11
86;32;9;15;16;9;43;11
86;13;15;12;7;10;43;11
86;39;17;19;20;11;43;11
86;27;18;21;18;12;42;12
86;38;18;20;17;13;41;13
86;31;1;10;1;14;40;4
86;42;3;8;15;15;39;4
86;15;7;16;3;-1;34;3
86;14;9;14;11;-1;18;5
86;30;6;1;6;-1;13;3
86;11;16;4;10;-1;13;3
86;21;4;6;13;-1;10;3
87;31;1;10;2;1;71;1
87;8;1;9;5;2;71;1
87;4;4;5;1;3;71;1
87;30;6;1;7;4;71;1
87;21;4;6;3;5;71;1
87;22;6;2;9;6;71;1
87;18;16;3;4;7;70;11
87;23;7;17;10;8;70;11
87;32;9;15;6;9;70;11
87;11;16;4;19;10;70;11
87;13;15;12;8;11;70;11
87;35;15;11;20;12;70;11
87;15;7;16;17;13;69;12
87;27;18;21;16;14;69;12
87;39;17;19;15;15;68;13
87;33;17;18;11;-1;55;26
87;17;3;7;12;-1;45;58
87;38;18;20;18;-1;34;5
87;42;3;8;13;-1;0;3
87;14;9;14;14;-1;0;3
88;8;1;9;17;1;53;1
88;21;4;6;3;2;53;1
88;4;4;5;16;3;53;1
88;17;3;7;7;4;53;1
88;18;16;3;2;5;53;1
88;14;9;14;6;6;53;1
88;30;6;1;14;7;53;1
88;23;7;17;1;8;53;1
88;32;9;15;4;9;53;1
88;13;15;12;10;10;53;1
88;22;6;2;9;11;53;1
88;35;15;11;8;12;53;1
88;33;17;18;20;13;52;11
88;38;18;20;15;14;51;12
88;39;17;19;11;15;51;12
88;27;18;21;13;16;49;14
88;42;3;8;12;-1;9;3
88;15;7;16;19;-1;9;3
88;31;1;10;18;-1;0;3
88;11;16;4;5;-1;52;2
89;4;4;5;1;1;56;1
89;8;1;9;3;2;56;1
89;23;7;17;9;3;56;1
89;21;4;6;2;4;56;1
89;32;9;15;14;5;56;1
89;13;15;12;11;6;56;1
89;17;3;7;10;7;56;1
89;18;16;3;4;8;56;1
89;14;9;14;7;9;56;1
89;35;15;11;16;10;56;1
89;33;17;18;19;11;56;1
89;22;6;2;8;12;56;1
89;42;3;8;13;13;55;59
89;38;18;20;20;14;55;60
89;15;7;16;12;15;55;11
89;27;18;21;18;16;50;61
89;11;16;4;17;-1;34;6
89;39;17;19;15;-1;28;3
89;31;1;10;5;-1;24;5
89;30;6;1;6;-1;20;20
90;30;6;1;1;1;58;1
90;22;6;2;2;2;58;1
90;4;4;8;5;3;58;1
90;23;3;4;8;4;58;1
90;31;3;3;3;5;58;1
90;18;16;9;4;6;58;1
90;15;4;7;9;7;57;11
90;14;1;5;12;8;57;11
90;11;16;10;7;9;57;11
90;21;15;11;14;10;57;11
90;32;19;15;19;11;56;12
90;43;7;16;13;12;56;12
90;44;7;17;18;13;56;12
90;45;17;19;16;14;55;13
90;13;15;12;11;-1;44;5
90;2;17;18;15;-1;43;7
90;46;18;20;20;-1;43;62
90;17;19;14;6;-1;29;7
90;47;18;21;17;-1;13;10
90;8;1;6;10;-1;9;5
91;30;6;1;1;1;56;1
91;31;3;3;4;2;56;1
91;18;16;9;6;3;56;1
91;22;6;2;3;4;56;1
91;15;4;7;8;5;56;1
91;14;1;5;9;6;56;1
91;4;4;8;19;7;56;1
91;13;15;12;11;8;55;11
91;43;7;16;10;9;55;11
91;32;19;15;13;10;55;11
91;21;15;11;12;11;55;11
91;44;7;17;14;12;55;11
91;45;17;19;18;13;54;12
91;46;18;20;16;14;53;13
91;11;16;10;20;15;52;14
91;47;18;21;17;16;52;14
91;8;1;6;5;-1;40;7
91;2;17;18;15;-1;34;7
91;23;3;4;7;-1;27;5
91;17;19;14;2;-1;23;20
92;30;6;1;1;1;57;1
92;22;6;2;2;2;57;1
92;18;16;9;6;3;57;1
92;15;4;7;7;4;57;1
92;11;16;10;5;5;57;1
92;4;4;8;16;6;57;1
92;23;3;4;4;7;57;1
92;17;19;14;14;8;56;11
92;44;7;17;8;9;56;11
92;43;7;16;9;10;56;11
92;21;15;11;11;11;56;11
92;13;15;12;13;12;56;11
92;31;3;3;3;13;56;11
92;32;19;15;12;14;56;11
92;2;17;18;18;15;56;11
92;45;17;19;15;16;55;12
92;46;18;20;17;17;52;15
92;14;1;5;10;-1;50;63
92;47;18;21;20;-1;44;5
92;8;1;6;19;-1;7;5
93;30;6;1;2;1;62;1
93;18;16;9;1;2;62;1
93;31;3;3;3;3;62;1
93;4;4;8;6;4;62;1
93;15;4;7;9;5;62;1
93;22;6;2;4;6;62;1
93;23;3;4;5;7;62;1
93;8;1;6;20;8;61;11
93;21;15;11;18;9;61;11
93;13;15;12;12;10;61;11
93;44;7;17;13;11;61;11
93;14;1;5;11;12;61;11
93;17;19;14;8;13;61;11
93;32;19;15;14;14;60;12
93;47;18;21;19;15;58;14
93;11;16;10;7;16;56;5
93;2;17;18;16;-1;48;30
93;43;7;16;10;-1;32;3
93;46;18;20;17;-1;22;23
93;45;17;19;15;-1;6;9
94;30;6;1;1;1;66;1
94;22;6;2;5;2;66;1
94;15;4;7;4;3;66;1
94;4;4;8;8;4;66;1
94;11;16;10;3;5;66;1
94;23;3;4;6;6;66;1
94;21;15;11;12;7;66;1
94;18;16;9;14;8;65;11
94;13;15;12;17;9;65;11
94;14;1;5;10;10;65;11
94;8;1;6;13;11;65;11
94;17;19;14;9;12;65;11
94;43;7;16;11;13;65;11
94;45;17;19;19;-1;51;38
94;31;3;3;2;-1;46;23
94;32;19;15;16;-1;43;37
94;44;7;17;7;-1;33;9
94;2;17;18;15;-1;33;9
94;46;18;20;18;-1;31;20
94;47;18;21;20;-1;17;20
95;15;4;7;1;1;77;1
95;18;16;9;2;2;77;1
95;22;6;2;6;3;77;1
95;31;3;3;9;4;76;11
95;13;15;12;16;5;76;11
95;43;7;16;15;6;76;11
95;2;17;18;17;7;75;12
95;44;7;17;13;8;74;13
95;47;18;21;19;9;71;16
95;23;3;4;12;10;69;6
95;30;6;1;4;-1;45;4
95;4;4;8;3;-1;41;3
95;8;1;6;5;-1;27;63
95;46;18;20;20;-1;15;6
95;45;17;19;18;-1;12;7
95;17;19;14;11;-1;11;6
95;11;16;10;7;-1;2;5
95;14;1;5;8;-1;2;4
95;21;15;11;10;-1;2;4
95;32;19;15;14;-1;0;3
96;30;6;1;1;1;60;1
96;22;6;2;7;2;60;1
96;18;16;9;5;3;60;1
96;15;4;7;3;4;60;1
96;4;4;8;6;5;60;1
96;21;15;11;19;6;60;1
96;17;19;14;14;7;60;1
96;31;3;3;8;8;59;11
96;13;15;12;16;9;59;11
96;2;17;18;13;10;59;11
96;44;7;17;10;11;59;11
96;32;19;15;12;12;59;11
96;45;17;19;15;13;58;12
96;46;18;20;20;14;57;13
96;47;18;21;17;15;57;13
96;11;16;10;2;-1;47;5
96;14;1;5;18;-1;25;5
96;8;1;6;4;-1;9;5
96;23;3;4;9;-1;0;4
96;43;7;16;11;-1;0;4
97;30;6;1;6;1;70;1
97;22;6;2;7;2;70;1
97;18;16;9;2;3;70;1
97;21;15;11;11;4;69;11
97;8;1;6;8;5;69;11
97;14;1;5;9;6;69;11
97;10;17;19;16;7;68;12
97;2;17;18;15;8;68;12
97;32;19;15;10;9;67;13
97;47;18;21;18;10;66;14
97;13;15;12;17;-1;62;3
97;11;16;10;20;-1;48;5
97;4;4;8;5;-1;44;30
97;46;18;20;19;-1;30;6
97;17;19;14;14;-1;6;22
97;15;4;7;3;-1;0;7
97;23;3;4;1;-1;70;2
97;31;3;3;4;-1;70;2
97;43;7;16;12;-1;69;2
97;44;7;17;13;-1;69;2
98;30;6;1;2;1;73;1
98;22;6;2;1;2;73;1
98;11;16;10;3;3;73;1
98;15;4;7;20;4;73;1
98;44;7;17;8;5;73;1
98;8;1;6;7;6;72;11
98;14;1;5;12;7;72;11
98;47;18;21;19;8;70;13
98;21;15;11;14;9;65;18
98;17;19;14;10;-1;60;5
98;31;3;3;5;-1;57;2
98;2;17;18;16;-1;40;5
98;18;16;9;4;-1;26;6
98;43;7;16;11;-1;17;6
98;23;3;4;6;-1;9;27
98;4;4;8;9;-1;8;27
98;32;19;15;13;-1;0;4
98;13;15;12;15;-1;0;4
98;45;17;19;17;-1;0;4
98;46;18;20;18;-1;0;4
99;30;6;1;2;1;70;1
99;4;4;8;1;2;70;1
99;22;6;2;10;3;70;1
99;15;4;7;5;4;70;1
99;18;16;9;4;5;70;1
99;14;1;5;3;6;70;1
99;8;1;6;9;7;70;1
99;31;3;3;6;8;70;1
99;17;19;14;12;9;70;1
99;48;3;4;8;10;70;1
99;32;19;15;13;11;69;11
99;21;15;11;15;12;69;11
99;13;15;12;16;13;69;11
99;43;7;16;11;14;69;11
99;44;7;17;14;15;68;12
99;2;17;18;17;16;68;12
99;45;17;19;18;17;67;13
99;46;18;20;19;18;66;14
99;47;18;21;20;-1;31;20
99;11;16;10;7;-1;15;5
100;30;6;1;4;1;60;1
100;8;1;6;1;2;60;1
100;22;6;2;2;3;60;1
100;18;16;9;3;4;60;1
100;31;3;3;7;5;60;1
100;21;15;11;20;6;60;1
100;14;1;5;6;7;60;1
100;17;19;14;9;8;60;1
100;13;15;12;10;9;60;1
100;4;4;8;16;10;60;1
100;11;16;10;8;11;60;1
100;48;3;4;11;12;60;1
100;43;7;16;12;13;59;11
100;32;19;15;13;14;59;11
100;2;17;18;15;15;59;11
100;46;18;20;18;16;56;14
100;45;17;19;14;-1;47;20
100;15;4;7;5;-1;39;3
100;47;18;21;19;-1;29;5
100;44;7;17;17;-1;16;3
101;18;16;9;13;2;66;1
101;4;4;8;5;3;66;1
101;14;1;5;4;4;66;1
101;31;3;3;2;5;66;1
101;17;19;14;11;6;66;1
101;42;3;4;10;7;66;1
101;11;16;10;8;8;66;1
101;21;15;11;14;9;66;1
101;32;19;15;12;10;66;1
101;15;4;7;6;11;66;1
101;22;6;2;7;12;66;1
101;13;15;12;16;13;65;11
101;44;7;17;9;14;65;11
101;45;17;19;17;15;63;13
101;47;18;21;20;16;62;14
101;46;18;20;19;17;62;14
101;2;17;18;18;-1;42;64
101;43;7;16;15;-1;38;29
101;8;1;6;3;-1;13;65
102;30;6;1;1;1;70;1
102;22;6;2;2;2;70;1
102;4;4;8;5;3;70;1
102;31;3;3;7;4;70;1
102;18;16;9;4;5;70;1
102;11;16;10;3;6;69;11
102;42;3;4;6;7;69;11
102;21;15;11;8;8;69;11
102;14;1;5;12;9;69;11
102;17;19;14;11;10;69;11
102;44;7;17;13;11;69;11
102;2;17;18;16;12;68;12
102;32;19;15;14;13;68;12
102;46;18;20;19;14;66;14
102;47;18;21;18;15;65;15
102;45;17;19;17;-1;48;6
102;15;4;7;9;-1;41;5
102;41;7;16;15;-1;31;40
102;13;15;12;20;-1;21;23
102;8;1;6;10;-1;13;10
103;8;1;6;10;1;44;1
103;30;6;1;2;2;44;1
103;22;6;2;6;3;44;1
103;13;15;12;8;4;44;1
103;21;15;11;5;5;44;1
103;32;19;15;13;6;44;1
103;14;1;5;4;7;44;1
103;44;7;17;9;8;44;1
103;15;4;7;1;9;44;1
103;41;7;16;20;10;41;5
103;2;17;18;16;11;40;14
103;31;3;3;11;-1;37;27
103;42;3;4;14;-1;31;6
103;18;16;9;12;-1;29;4
103;47;18;21;18;-1;28;4
103;4;4;8;3;-1;11;5
103;17;19;14;7;-1;0;4
103;11;16;10;15;-1;0;4
103;46;18;20;17;-1;0;4
103;45;17;19;19;-1;0;4
104;22;6;2;1;1;53;1
104;30;6;1;3;2;53;1
104;18;16;9;6;3;53;1
104;11;16;10;5;4;53;1
104;31;3;3;2;5;53;1
104;14;1;5;10;6;53;1
104;42;3;4;8;7;53;1
104;21;15;11;15;8;53;1
104;17;19;14;12;9;53;1
104;15;4;7;9;10;53;1
104;41;7;16;11;11;53;1
104;13;15;12;16;12;52;11
104;32;19;15;14;13;52;11
104;2;17;18;20;14;52;11
104;47;18;21;19;15;50;13
104;4;4;8;4;-1;40;20
104;45;17;19;17;-1;33;3
104;46;18;20;18;-1;29;66
104;8;1;6;7;-1;13;5
104;44;7;17;13;-1;0;4
105;22;6;2;1;1;56;1
105;18;16;9;3;2;56;1
105;8;1;6;2;3;56;1
105;4;4;8;6;4;56;1
105;31;3;3;10;5;56;1
105;11;16;10;18;6;56;1
105;21;15;11;7;7;56;1
105;13;15;12;4;8;56;1
105;14;1;5;9;9;56;1
105;17;19;14;11;10;55;11
105;35;4;7;12;11;55;11
105;30;6;1;20;12;55;11
105;2;17;18;14;13;55;11
105;44;7;17;8;14;55;11
105;10;17;19;16;15;55;11
105;47;18;21;19;16;53;13
105;46;18;20;17;-1;38;36
105;23;3;4;5;-1;37;4
105;41;7;16;13;-1;35;7
105;32;19;15;15;-1;11;4
106;30;6;1;1;1;53;1
106;23;3;4;2;2;53;1
106;18;16;9;5;3;53;1
106;11;16;10;4;4;53;1
106;4;4;8;11;5;53;1
106;8;1;6;12;6;53;1
106;31;3;3;13;7;53;1
106;21;15;11;7;8;53;1
106;13;15;12;19;9;53;1
106;35;4;7;9;10;52;11
106;15;7;16;6;11;52;11
106;32;19;15;14;12;52;11
106;2;17;18;16;13;52;11
106;44;7;17;10;14;51;12
106;10;17;19;17;15;51;12
106;46;18;20;18;16;50;13
106;47;18;21;20;-1;41;20
106;14;1;5;8;-1;38;4
106;22;6;2;15;-1;38;4
106;17;19;14;3;-1;20;25
107;31;3;3;2;1;71;1
107;8;1;6;3;2;71;1
107;22;6;2;1;3;71;1
107;4;4;8;8;4;71;1
107;23;3;4;7;5;71;1
107;11;16;10;6;6;71;1
107;30;6;1;18;7;71;1
107;13;15;12;4;8;71;1
107;21;15;11;10;9;71;1
107;35;4;7;13;10;70;11
107;14;1;5;12;11;70;11
107;15;7;16;9;12;70;11
107;41;7;17;14;13;70;11
107;32;19;15;15;14;69;12
107;10;17;19;17;15;69;12
107;47;18;21;19;16;67;14
107;46;18;20;20;17;67;14
107;17;19;14;11;-1;23;4
107;2;17;18;16;-1;15;8
107;18;16;9;5;-1;3;5
1;18;23;22;1;1;58;1
1;22;23;23;2;2;58;1
1;15;7;9;20;3;58;1
1;10;7;10;19;4;58;1
1;4;4;7;10;5;58;1
1;3;3;16;5;6;58;1
1;67;5;12;13;7;58;1
1;7;5;11;17;8;58;1
1;16;10;20;16;9;58;1
1;2;2;6;9;10;58;1
1;21;10;21;15;11;58;1
1;17;9;14;8;12;57;11
1;20;9;15;3;13;56;4
1;9;2;5;4;14;55;4
1;8;6;4;7;15;55;24
1;13;6;3;6;-1;45;22
1;12;4;8;14;-1;24;20
1;6;3;17;11;-1;17;3
1;5;1;2;12;-1;0;4
1;1;1;1;18;-1;58;2
2;18;23;22;1;1;31;1
2;2;2;6;10;2;31;1
2;10;7;10;3;3;31;1
2;15;7;9;2;4;31;1
2;22;23;23;8;5;31;1
2;17;9;14;5;6;31;1
2;1;1;1;12;7;31;1
2;3;3;16;4;8;31;1
2;13;6;3;16;9;31;1
2;7;5;11;15;10;31;1
2;4;4;7;9;11;31;11
2;6;3;17;11;12;31;11
2;12;4;8;17;13;31;11
2;8;6;4;7;14;31;11
2;20;9;15;13;15;30;20
2;67;5;12;20;16;30;20
2;16;10;20;19;17;30;11
2;21;10;21;18;18;29;20
2;9;2;5;6;-1;1;5
2;5;1;2;14;-1;0;20
3;20;9;15;1;1;56;1
3;17;9;14;3;2;56;1
3;18;23;22;5;3;56;1
3;22;23;23;4;4;56;1
3;5;1;2;12;5;56;1
3;1;1;1;9;6;56;1
3;10;7;10;19;7;56;1
3;67;5;12;10;8;56;1
3;4;4;7;2;9;56;1
3;8;6;4;8;10;56;1
3;7;5;11;15;11;56;1
3;2;2;6;11;12;56;1
3;9;2;5;17;13;56;1
3;21;10;21;20;14;55;11
3;3;3;16;7;15;55;11
3;12;4;8;16;16;54;12
3;16;10;20;18;17;50;20
3;6;3;17;14;-1;43;31
3;13;6;3;13;-1;20;40
3;15;7;9;6;-1;18;4
4;18;23;22;4;1;57;1
4;20;9;15;3;2;57;1
4;15;7;9;1;3;57;1
4;1;1;1;5;4;57;1
4;22;23;23;6;5;57;1
4;8;6;4;10;6;57;1
4;10;7;10;2;7;57;1
4;4;4;7;7;8;57;1
4;3;3;16;9;9;57;1
4;12;4;8;15;10;57;1
4;17;9;14;18;11;57;1
4;5;1;2;11;12;57;1
4;7;5;11;20;13;57;1
4;13;6;3;8;14;56;11
4;21;10;21;17;15;56;11
4;16;10;20;19;16;56;11
4;67;5;12;16;17;56;11
4;9;2;5;13;18;56;11
4;2;2;6;14;19;56;11
4;6;3;17;12;-1;48;51
5;18;23;22;1;1;66;1
5;22;23;23;3;2;66;1
5;17;9;14;5;3;66;1
5;20;9;15;2;4;66;1
5;4;4;7;8;5;66;1
5;13;6;3;4;6;66;1
5;2;2;6;13;7;66;1
5;3;3;16;9;8;66;1
5;1;1;1;14;9;65;11
5;10;7;10;6;10;65;11
5;9;2;5;10;11;65;11
5;12;4;8;12;12;65;11
5;6;3;17;11;13;65;11
5;21;10;21;20;14;65;11
5;8;6;4;16;-1;17;9
5;5;1;2;18;-1;7;6
5;15;7;9;7;-1;0;4
5;67;5;12;15;-1;0;4
5;7;5;11;17;-1;0;4
5;16;10;20;19;-1;0;4
6;18;23;22;1;1;78;1
6;22;23;23;3;2;78;1
6;8;6;4;2;3;78;1
6;13;6;3;5;4;78;1
6;17;9;14;8;5;78;1
6;3;3;16;6;6;78;1
6;4;4;7;9;7;78;1
6;7;5;11;14;8;78;1
6;21;10;21;13;9;78;1
6;10;7;10;20;10;77;11
6;2;2;6;16;11;77;11
6;1;1;1;19;12;77;11
6;15;7;9;18;13;77;11
6;16;10;20;15;14;77;11
6;6;3;17;10;15;76;3
6;5;1;2;7;-1;51;3
6;9;2;5;17;-1;28;23
6;20;9;15;4;-1;15;3
6;12;4;8;12;-1;10;4
6;67;5;12;11;-1;10;4
7;18;23;22;2;1;58;1
7;17;9;14;4;2;58;1
7;20;9;15;1;3;58;1
7;15;7;9;5;4;58;1
7;3;3;16;9;5;58;1
7;13;6;3;7;6;58;1
7;9;2;5;10;7;58;1
7;10;7;10;13;8;58;1
7;8;6;4;6;9;58;1
7;4;4;7;8;10;58;1
7;2;2;6;11;11;58;1
7;6;3;17;12;12;58;1
7;1;1;1;16;13;58;1
7;5;1;2;14;14;57;11
7;67;5;12;18;15;57;11
7;12;4;8;17;16;57;11
7;16;10;20;15;17;57;11
7;7;5;11;20;18;57;11
7;22;23;23;3;-1;47;6
7;21;10;21;19;-1;4;23
8;20;9;15;1;1;60;1
8;17;9;14;3;2;60;1
8;22;23;23;2;3;60;1
8;13;6;3;11;4;60;1
8;3;3;16;7;5;60;1
8;18;23;22;6;6;60;1
8;15;7;9;4;7;60;1
8;8;6;4;9;8;60;1
8;10;7;10;8;9;60;1
8;21;10;21;16;10;60;1
8;6;3;17;5;11;60;1
8;12;4;8;14;12;59;11
8;9;2;5;12;13;59;11
8;4;4;7;10;14;59;11
8;2;2;6;15;15;59;11
8;1;1;1;18;16;59;11
8;16;10;20;20;17;59;11
8;67;5;12;19;18;59;11
8;7;5;11;17;-1;37;4
8;5;1;2;13;-1;36;4
9;17;9;14;1;1;60;1
9;20;9;15;4;2;60;1
9;13;6;3;8;3;60;1
9;3;3;16;15;4;60;1
9;18;23;22;3;5;60;1
9;22;23;23;2;6;60;1
9;4;4;7;12;7;60;1
9;5;1;2;6;8;60;1
9;10;7;10;20;9;60;1
9;2;2;6;11;10;60;1
9;21;10;21;18;11;60;1
9;6;3;17;13;12;60;1
9;12;4;8;10;13;60;1
9;9;2;5;16;14;60;1
9;16;10;20;7;15;60;1
9;67;5;12;17;16;60;1
9;15;7;9;14;17;60;1
9;1;1;1;5;18;59;11
9;8;6;4;9;-1;34;5
9;7;5;11;19;-1;18;9
10;1;1;1;4;1;70;1
10;8;6;4;7;2;70;1
10;17;9;14;3;3;70;1
10;3;3;16;5;4;70;1
10;5;1;2;6;5;70;1
10;10;7;10;13;6;70;1
10;18;23;22;8;7;70;1
10;15;7;9;11;8;70;1
10;6;3;17;9;9;70;1
10;22;23;23;12;10;70;1
10;2;2;6;15;11;70;1
10;12;4;8;14;12;70;1
10;9;2;5;18;13;70;1
10;21;10;21;16;14;69;11
10;153;5;11;19;15;69;11
10;67;5;12;10;16;69;11
10;20;9;15;2;-1;29;22
10;4;4;7;1;-1;15;36
10;16;10;20;17;-1;1;25
10;13;6;3;0;-1;0;54
11;22;23;23;3;1;57;1
11;1;1;1;1;2;57;1
11;8;6;4;6;3;57;1
11;5;1;2;2;4;57;1
11;3;3;16;7;5;57;1
11;4;4;7;8;6;57;1
11;18;23;22;5;7;57;1
11;9;2;5;10;8;57;1
11;17;9;14;9;9;57;1
11;16;10;20;12;10;57;1
11;2;2;6;11;11;57;1
11;21;10;21;16;12;57;1
11;15;7;9;18;13;57;1
11;10;7;10;13;14;57;1
11;154;4;8;14;15;57;1
11;153;5;11;19;16;56;11
11;69;6;3;20;17;56;11
11;6;3;17;17;18;54;13
11;67;5;12;15;-1;41;23
11;20;9;15;4;-1;23;5
12;8;6;4;6;1;44;1
12;21;10;21;1;2;44;1
12;20;9;15;8;3;44;1
12;9;2;5;5;4;44;1
12;2;2;6;3;5;44;1
12;5;1;2;15;6;44;1
12;22;23;23;4;7;44;1
12;3;3;16;10;8;44;1
12;17;9;14;9;9;44;1
12;10;7;10;7;10;44;1
12;16;10;20;11;11;44;1
12;67;5;12;16;12;44;1
12;6;3;17;18;13;44;1
12;69;6;3;20;14;44;1
12;4;4;7;13;-1;26;31
12;15;7;9;2;-1;21;23
12;18;23;22;14;-1;0;4
12;154;4;8;19;-1;0;4
12;1;1;1;12;-1;0;4
12;153;5;11;17;-1;0;4
13;22;23;23;5;1;53;1
13;18;23;22;6;2;53;1
13;8;6;4;3;3;53;1
13;16;10;20;2;4;53;1
13;4;4;7;8;5;53;1
13;5;1;2;4;6;53;1
13;2;2;6;15;7;53;1
13;20;9;15;9;8;53;1
13;21;6;3;14;9;53;1
13;6;3;17;17;10;53;1
13;10;7;10;16;11;53;1
13;1;1;1;1;12;52;3
13;67;5;12;19;13;52;11
13;15;7;9;11;14;52;11
13;154;4;8;12;15;52;11
13;3;3;16;18;16;51;12
13;24;10;21;7;-1;22;7
13;153;5;11;20;-1;19;31
13;9;2;5;13;-1;15;44
13;17;9;14;10;-1;0;4
14;1;1;1;1;1;61;1
14;10;7;10;6;2;61;1
14;4;4;7;5;3;61;1
14;20;9;15;2;4;61;1
14;18;23;22;11;5;61;1
14;22;23;23;9;6;61;1
14;5;1;2;8;7;61;1
14;9;2;5;7;8;61;1
14;6;3;17;10;9;61;1
14;8;6;4;12;10;61;1
14;3;3;16;3;11;61;1
14;15;7;9;14;12;61;1
14;21;6;3;17;13;61;1
14;24;10;21;19;14;61;1
14;153;5;11;16;-1;47;23
14;67;5;12;13;-1;47;6
14;17;9;14;4;-1;45;23
14;16;10;20;15;-1;23;4
14;2;2;6;20;-1;19;4
14;154;4;8;18;-1;3;23
15;20;9;15;1;1;53;1
15;15;7;9;2;2;53;1
15;1;1;1;3;3;53;1
15;8;6;4;5;4;53;1
15;3;3;16;7;5;53;1
15;2;2;6;4;6;53;1
15;22;23;23;6;7;53;1
15;18;23;22;10;8;53;1
15;9;2;5;9;9;53;1
15;4;4;7;16;10;53;1
15;5;1;2;11;11;53;1
15;21;6;3;14;12;53;1
15;16;10;20;8;13;53;1
15;24;10;21;18;14;53;1
15;6;3;17;15;15;53;1
15;154;4;8;17;16;52;11
15;17;9;14;19;17;51;12
15;153;5;11;12;-1;43;3
15;67;5;12;13;-1;11;8
15;10;7;10;20;-1;0;73
16;17;9;14;2;1;71;1
16;9;2;5;8;2;71;1
16;1;1;1;17;3;71;1
16;20;9;15;15;4;71;1
16;18;23;22;14;5;71;1
16;8;6;4;5;6;71;1
16;67;5;12;6;7;71;1
16;22;23;23;1;8;71;1
16;5;1;2;16;9;71;1
16;155;7;10;11;10;71;1
16;21;6;3;19;11;71;1
16;24;10;21;20;12;71;1
16;154;4;8;13;13;70;11
16;153;5;11;12;14;70;11
16;6;3;17;9;-1;30;3
16;3;3;16;7;-1;27;6
16;2;2;6;18;-1;21;60
16;16;10;20;3;-1;0;3
16;15;7;9;4;-1;0;3
16;4;4;7;10;-1;0;3